條碼,品牌,系列,商品名稱,價錢
50610234,Diamine,Hong Kong Exclusive, Lion Rock,140
5061023435289,Diamine,Reddit Special, Writer's Blood,80
5061023430371,Diamine,UK Facebook Group Special, Mondoddo's Hat,100
5061023445792,Diamine,UK Facebook Group Special, Scribble Purple,100
50610234,Diamine,Gibson Les Paul Guitar, Ink Set(30ml),180
5061023495766,Diamine,Inkvent Calendar, Black Edition,850
5061023496480,Diamine,Inkvent Calendar, Green Edition,890
5061023490006,Diamine,Inkvent Calendar, Purple Edition,800
5061023496350,Diamine,Forever, Smoky Mauve,150
5061023496312,Diamine,Forever, Raven,150
5061023496343,Diamine,Forever, Butterscotch,150
5061023496411,Diamine,Forever, Tiger Lily,150
5061023496398,Diamine,Forever, Solar Yellow,150
5061023496428,Diamine,Forever, Honey Pot,150
5061023496381,Diamine,Forever, Hot Magenta,150
5061023496329,Diamine,Forever, Cherry Red,150
5061023496336,Diamine,Forever, Aqua Surf,150
5061023496404,Diamine,Forever, Amazonia,150
5061023496374,Diamine,Forever, Skyline,150
5061023496459,Diamine,Forever, Red Ochre,150
5061023496466,Diamine,Forever, Passion Flower,150
5061023496367,Diamine,Forever, Coral Blaze,150
5061023496435,Diamine,Forever, Hyper Green,150
5061023496442,Diamine,Forever, Blue Indigo,150
5061023427835,Diamine,Regular(80ml), Orange,80
5061023428399,Diamine,Regular(80ml), Deep Magenta,80
5061023428023,Diamine,Regular(80ml), Teal,80
5061023428436,Diamine,Regular(80ml), Vermillion,80
5061023428009,Diamine,Regular(80ml), Ultra Green,80
5061023428160,Diamine,Regular(80ml), Yellow,80
5061023428429,Diamine,Regular(80ml), Blaze Orange,80
5061023428092,Diamine,Regular(80ml), Amazing Amethyst,80
5061023428283,Diamine,Regular(80ml), Crimson,80
5061023428313,Diamine,Regular(80ml), Cool Green,80
5061023428269,Diamine,Regular(80ml), Amber,80
5061023427989,Diamine,Regular(80ml), Florida Blue,80
5061023427699,Diamine,Regular(80ml), Imperial Blue,80
5061023428122,Diamine,Regular(80ml), Apple Glory,80
5061023428337,Diamine,Regular(80ml), Lavender,80
5061023427750,Diamine,Regular(80ml), Majestic Purple,80
5061023428320,Diamine,Regular(80ml), Maroon,80
5061023428139,Diamine,Regular(80ml), Matador,80
5061023427958,Diamine,Regular(80ml), Mediterranean Blue,80
5061023428535,Diamine,Regular(80ml), Aqua Lagoon,80
5061023428375,Diamine,Regular(80ml), Passion Red,80
5061023428030,Diamine,Regular(80ml), Poppy Red,80
5061023428481,Diamine,Regular(80ml), Ruby,80
5061023427705,Diamine,Regular(80ml), Sapphire Blue,80
5061023428221,Diamine,Regular(80ml), Sepia,80
5061023495629,Diamine,Purple Edition, Bah Humbug,120
5061023495612,Diamine,Purple Edition, Glacier,120
5061023495759,Diamine,Purple Edition, Raise a Glass,120
5061023495551,Diamine,Purple Edition, Nightfall,120
5061023495711,Diamine,Purple Edition, Tranquility,120
5061023495568,Diamine,Purple Edition, Buck's Fizz,120
5061023495513,Diamine,Purple Edition, Fortune's Gold,120
5061023495599,Diamine,Purple Edition, Moon Beam,120
5061023495704,Diamine,Purple Edition, Astral,120
5061023495643,Diamine,Purple Edition, Rainbow's End,120
5061023495742,Diamine,Purple Edition, Sugar Snap,100
5061023495728,Diamine,Purple Edition, Tinsel,100
5061023495681,Diamine,Purple Edition, Blizzard,100
5061023495674,Diamine,Purple Edition, Lavender Frost,100
5061023495544,Diamine,Purple Edition, Masquerade,100
5061023495667,Diamine,Purple Edition, Merry & Bright,100
5061023495698,Diamine,Purple Edition, Chinnabun,90
5061023495575,Diamine,Purple Edition, Sweet Dreams,90
5061023495636,Diamine,Purple Edition, Weeping Willow,80
5061023495537,Diamine,Purple Edition, Early Dusk,80
5061023495605,Diamine,Purple Edition, Velvet Emerald,80
5061023495650,Diamine,Purple Edition, Walnut,80
5061023495735,Diamine,Purple Edition, Fireside Snug,80
5061023495582,Diamine,Purple Edition, Jacaranda,80
5061023495520,Diamine,Purple Edition, Cashmere Rose,80
720524167224,Diamine,Red Edition, Garland,100
720524167408,Diamine,Red Edition, Pink Ice,100
720524167453,Diamine,Red Edition, All the Best,100
720524167385,Diamine,Red Edition, Subzero,100
720524167248,Diamine,Red Edition, Tempest,100
720524167293,Diamine,Red Edition, Storm,100
720524167323,Diamine,Red Edition, Stargazer,100
720524167316,Diamine,Red Edition, Party Time,100
720524167361,Diamine,Red Edition, Vintage Copper,100
720524167330,Diamine,Red Edition, Ruby Blues,90
720524167422,Diamine,Red Edition, Black Ivy,90
720524167255,Diamine,Red Edition, Harmony,80
720524167217,Diamine,Red Edition, Seize the Night,80
720524167347,Diamine,Red Edition, Red Robin,80
720524167309,Diamine,Red Edition, Peach Punch,80
720524167446,Diamine,Red Edition, Yuletide,80
720524167392,Diamine,Red Edition, Festive Joy,80
720524167354,Diamine,Red Edition, Night Shade,80
720524167286,Diamine,Red Edition, Raspberry Rose,80
5061023493168,Diamine,150th Anniversary, Regency Blue,100
5061023493199,Diamine,150th Anniversary, Terracotta,100
5061023493205,Diamine,150th Anniversary, Tudor Blue,100
5061023493182,Diamine,150th Anniversary, Safari,100
5061023493212,Diamine,150th Anniversary, Tropical Green,100
5061023493076,Diamine,150th Anniversary, Blood Orange,100
5061023493106,Diamine,150th Anniversary, Carnival,100
5061023493090,Diamine,150th Anniversary, 1864 Blue Black,100
700987832440,Diamine,150th Anniversary, Blue Velvet,100
5061023493175,Diamine,150th Anniversary,  Silver Fox,100
5061023493151,Diamine,150th Anniversary, Purple Dream,100
5061023493144,Diamine,150th Anniversary, Lilac Night,100
5061023493113,Diamine,150th Anniversary, Golden Honey,100
5061023493137,Diamine,150th Anniversary, Espresso,100
5061023493120,Diamine,150th Anniversary, Dark Forest,100
5061023493083,Diamine,150th Anniversary, Burgundy Royale,100
5061023495940,Diamine,160th Anniversary, Port of Call,120
5061023495988,Diamine,160th Anniversary, Wax Seal,120
5061023495971,Diamine,160th Anniversary, Canalside,120
5061023495933,Diamine,160th Anniversary, Athol Violet,120
5061023495957,Diamine,160th Anniversary, Tariff Teal,120
5061023495964,Diamine,160th Anniversary, Rosewood,120


4902205082552,Taccia,SUNAOIRO, 蝦,80
4902205083795,Taccia,Jeans,05,80
4901680184508,Sailor,防水墨,極黑,140
4901680186144,Sailor,Ink Studio,150,100
4710898285231,藍濃道具屋,Muze pen聯名,深水埗,120
